{
  "metadata": {
    "sectionsN": 2,
    "sectionsNames": [
      "0",
      "1"
    ],
    "width": 400,
    "height": 400,
    "bg": "#9fb2bd"
  },
  "grammar": {
    "0": [
      "vector%%#000000&4&93.46733668341709,76.3819095477387,86.4321608040201,79.39698492462311,87.43718592964824,91.4572864321608,104.52261306532664,106.53266331658291,144.72361809045225,110.55276381909547,162.8140703517588,102.51256281407035,152.7638190954774,100.50251256281408,143.71859296482413,105.52763819095478,123.61809045226131,131.65829145728642,117.58793969849246,160.80402010050253,126.63316582914572,179.89949748743717,160.80402010050253,183.91959798994975,187.9396984924623,168.84422110552765**#000000&12&264.321608040201,247.23618090452263,268.34170854271355,274.3718592964824,289.4472361809045,305.5276381909548,303.5175879396985,308.5427135678392,311.5577889447236,301.5075376884422,315.5778894472362,263.31658291457285,305.5276381909548,261.3065326633166,300.50251256281405,282.41206030150755,313.5678391959799,287.43718592964825%%",
      "vector%%#000000&12&262.3115577889447,87.43718592964824,193.96984924623115,81.4070351758794,145.7286432160804,81.4070351758794,115.57788944723619,87.43718592964824,100.50251256281408,97.48743718592965,103.51758793969849,145.7286432160804**#000000&12&325.6281407035176,274.3718592964824,291.4572864321608,282.41206030150755,236.18090452261308,306.5326633165829%%",
      "vector%%#000000&12&71.35678391959799,144.72361809045225,121.60804020100502,139.69849246231155,140.7035175879397,132.66331658291458,171.85929648241205,117.58793969849246,182.9145728643216,98.49246231155779**#000000&12&258.29145728643215,220.10050251256283,260.30150753768845,291.4572864321608**#000000&12&160.80402010050253,252.26130653266333,101.50753768844221,252.26130653266333%%",
      "vector%%#2ECC40&12&338.6934673366834,189.9497487437186,334.67336683417085,149.74874371859298,327.63819095477385,130.6532663316583,308.5427135678392,98.49246231155779,288.4422110552764,85.42713567839196,248.24120603015075,86.4321608040201,210.0502512562814,108.5427135678392,175.87939698492463,138.69346733668343**#2ECC40&12&333.6683417085427,220.10050251256283,271.356783919598,275.37688442211055,232.1608040201005,298.4924623115578,212.0603015075377,304.52261306532665,168.84422110552765,306.5326633165829,146.73366834170855,299.49748743718595,116.58291457286433,279.3969849246231,105.52763819095478,259.2964824120603%%",
      "vector%%#a243de&12&116.58291457286433,211.05527638190955,116.58291457286433,230.15075376884423,122.61306532663316,241.20603015075378,173.86934673366835,292.46231155778895,92.46231155778895,309.54773869346735,92.46231155778895,301.5075376884422,108.5427135678392,281.4070351758794,143.71859296482413,256.2814070351759**#a243de&12&333.6683417085427,136.68341708542712,331.65829145728645,119.59798994974875,317.58793969849245,103.51758793969849,286.4321608040201,88.44221105527639,257.286432160804,88.44221105527639%%",
      "vector%%#a243de&12&337.6884422110553,306.5326633165829,215.0753768844221,299.49748743718595,121.60804020100502,299.49748743718595**#a243de&12&332.66331658291455,76.3819095477387,190.95477386934672,71.35678391959799,100.50251256281408,71.35678391959799,86.4321608040201,75.37688442211055%%"
    ],
    "1": [
      "vector%%#000000&12&219.09547738693468,170.85427135678393,205.0251256281407,165.82914572864323,177.8894472361809,166.83417085427135,167.8391959798995,180.90452261306532,172.8643216080402,195.97989949748745,204.02010050251258,209.04522613065328,228.14070351758795,211.05527638190955,244.2211055276382,197.98994974874373,232.1608040201005,203.01507537688443,205.0251256281407,228.14070351758795,195.97989949748745,243.21608040201005,205.0251256281407,244.2211055276382%%",
      "vector%%#000000&12&184.9246231155779,148.74371859296483,217.0854271356784,159.79899497487438,265.32663316582915,186.93467336683418,230.15075376884423,168.84422110552765,215.0753768844221,165.82914572864323,244.2211055276382,134.67336683417085,200,186.93467336683418%%",
      "vector%%#000000&12&238.19095477386935,150.7537688442211,217.0854271356784,140.7035175879397,189.9497487437186,139.69849246231155,178.89447236180905,141.70854271356785,167.8391959798995,152.7638190954774,165.82914572864323,168.84422110552765,173.86934673366835,176.88442211055278,191.95979899497488,184.9246231155779,235.17587939698493,192.96482412060303,269.3467336683417,184.9246231155779,279.3969849246231,173.86934673366835,287.43718592964825,148.74371859296483,281.4070351758794,144.72361809045225,249.2462311557789,142.71356783919597,224.12060301507537,149.74874371859298,205.0251256281407,176.88442211055278,204.02010050251258,189.9497487437186,216.08040201005025,202.01005025125627%%",
      "vector%%#2ECC40&12&284.4221105527638,219.09547738693468,217.0854271356784,147.73869346733667,186.93467336683418,126.63316582914572%%",
      "vector%%#00c9a5&12&279.3969849246231,243.21608040201005,240.20100502512562,190.95477386934672,227.1356783919598,180.90452261306532,218.09045226130652,184.9246231155779,200,211.05527638190955,187.9396984924623,242.2110552763819,200,249.2462311557789,215.0753768844221,245.22613065326632,232.1608040201005,230.15075376884423,245.22613065326632,206.03015075376885,253.26633165829145,177.8894472361809,256.2814070351759,138.69346733668343,251.25628140703517,127.63819095477388,243.21608040201005,132.66331658291458%%",
      "vector%%#FF6565&12&223.11557788944722,150.7537688442211,166.83417085427135,145.7286432160804,172.8643216080402,154.77386934673368,188.94472361809045,161.80904522613065,247.23618090452263,173.86934673366835,219.09547738693468,176.88442211055278,191.95979899497488,187.9396984924623,251.25628140703517,197.98994974874373,181.90954773869348,242.2110552763819,224.12060301507537,242.2110552763819%%",
      "vector%%#914a29&12&255.27638190954775,246.23115577889448,170.85427135678393,176.88442211055278**#914a29&12&259.2964824120603,184.9246231155779,192.96482412060303,224.12060301507537**#914a29&12&228.14070351758795,166.83417085427135,217.0854271356784,224.12060301507537,204.02010050251258,242.2110552763819%%"
    ],
    "base": [
      "<0>|<1>"
    ]
  },
  "sections": [
    {
      "w": 317.1356783919598,
      "h": 294.04522613065325,
      "i": 0,
      "x": 52.713567839196,
      "y": 50.678391959799
    },
    {
      "w": 179.53768844221108,
      "h": 188.2964824120603,
      "i": 1,
      "x": 122.97487437185927,
      "y": 100.14572864321605
    }
  ],
  "sketch": "MCxOYU4="
}
